Polska nazwa,Strona
Abakawir,https://www.doz.pl//leki/w1-Abakawir
Abatacept,https://www.doz.pl//leki/w2-Abatacept
Abcyksymab,https://www.doz.pl//leki/w3-Abcyksymab
Abirateron,https://www.doz.pl//leki/w4-Abirateron
Acebutolol,https://www.doz.pl//leki/w5-Acebutolol
Aceklofenak,https://www.doz.pl//leki/w6-Aceklofenak
Acemetacyna,https://www.doz.pl//leki/w7-Acemetacyna
Acenokumarol,https://www.doz.pl//leki/w8-Acenokumarol
Acetazolamid,https://www.doz.pl//leki/w9-Acetazolamid
Acetylocysteina,https://www.doz.pl//leki/w10-Acetylocysteina
Acyklowir,https://www.doz.pl//leki/w1385-Acyklowir
Acytretyna,https://www.doz.pl//leki/w12-Acytretyna
Adalimumab,https://www.doz.pl//leki/w13-Adalimumab
Adapalen,https://www.doz.pl//leki/w14-Adapalen
Adefowir,https://www.doz.pl//leki/w15-Adefowir
Adenozyna,https://www.doz.pl//leki/w16-Adenozyna
Adrenalina,https://www.doz.pl//leki/w17-Adrenalina
Afamelanotyd,https://www.doz.pl//leki/w18-Afamelanotyd
Afatynib,https://www.doz.pl//leki/w19-Afatynib
Agalzydaza,https://www.doz.pl//leki/w1295-Agalzydaza_alfa
Agalzydaza,https://www.doz.pl//leki/w1296-Agalzydaza_beta
Agomelatyna,https://www.doz.pl//leki/w22-Agomelatyna
Akamprozat,https://www.doz.pl//leki/w23-Akamprozat_Acetylohomotaurynian_wapnia
Akarboza,https://www.doz.pl//leki/w24-Akarboza
Aksytynib,https://www.doz.pl//leki/w26-Aksytynib
Albendazol,https://www.doz.pl//leki/w1381-Albendazol
Albiglutyd,https://www.doz.pl//leki/w29-Albiglutyd
Albumina,https://www.doz.pl//leki/w30-Albumina_ludzka
Alektynib,https://www.doz.pl//leki/w1297-Alektynib
Alemtuzumab,https://www.doz.pl//leki/w32-Alemtuzumab
Alendronian,https://www.doz.pl//leki/w33-Alendronian_sodu
Alfakalcydol,https://www.doz.pl//leki/w34-Alfakalcydol
Alfuzosyna,https://www.doz.pl//leki/w36-Alfuzosyna
Alipogenu,https://www.doz.pl//leki/w38-Alipogenu_typarwowek
Alirokumab,https://www.doz.pl//leki/w39-Alirokumab
Aliskiren,https://www.doz.pl//leki/w40-Aliskiren
Alitretynoina,https://www.doz.pl//leki/w41-Alitretynoina
Allopurynol,https://www.doz.pl//leki/w44-Allopurynol
Almotryptan,https://www.doz.pl//leki/w45-Almotryptan
Alogliptyna,https://www.doz.pl//leki/w46-Alogliptyna
Alprazolam,https://www.doz.pl//leki/w47-Alprazolam
Alprostadyl,https://www.doz.pl//leki/w48-Alprostadyl
Alteplaza,https://www.doz.pl//leki/w49-Alteplaza
Amantadyna,https://www.doz.pl//leki/w51-Amantadyna
Ambazon,https://www.doz.pl//leki/w52-Ambazon
Ambenonium,https://www.doz.pl//leki/w53-Ambenonium
Ambrisentan,https://www.doz.pl//leki/w54-Ambrisentan
Ambroksol,https://www.doz.pl//leki/w55-Ambroksol
Amfoterycyna,https://www.doz.pl//leki/w56-Amfoterycyna_B
Amidotryzoinian,https://www.doz.pl//leki/w57-Amidotryzoinian
Amifamprydyna,https://www.doz.pl//leki/w58-Amifamprydyna
Amikacyna,https://www.doz.pl//leki/w59-Amikacyna
Amilorid,https://www.doz.pl//leki/w1404-Amilorid
Aminofluorek,https://www.doz.pl//leki/w61-Aminofluorek
Aminolewulinian,https://www.doz.pl//leki/w62-Aminolewulinian_heksylu
Amiodaron,https://www.doz.pl//leki/w63-Amiodaron
Amisulpryd,https://www.doz.pl//leki/w64-Amisulpryd
Amitryptylina,https://www.doz.pl//leki/w65-Amitryptylina
Amlodypina,https://www.doz.pl//leki/w66-Amlodypina
Amoksycylina,https://www.doz.pl//leki/w67-Amoksycylina
Ampicylina,https://www.doz.pl//leki/w69-Ampicylina
Amsakryna,https://www.doz.pl//leki/w70-Amsakryna
Anagrelid,https://www.doz.pl//leki/w72-Anagrelid
Anakinra,https://www.doz.pl//leki/w73-Anakinra
Anastrozol,https://www.doz.pl//leki/w74-Anastrozol
Antazolina,https://www.doz.pl//leki/w76-Antazolina
Apiksaban,https://www.doz.pl//leki/w80-Apiksaban
Apomorfina,https://www.doz.pl//leki/w81-Apomorfina
Apraklonidyna,https://www.doz.pl//leki/w1358-Apraklonidyna
Apremilast,https://www.doz.pl//leki/w82-Apremilast
Aprepitant,https://www.doz.pl//leki/w83-Aprepitant
Aprotynina,https://www.doz.pl//leki/w84-Aprotynina
Artykaina,https://www.doz.pl//leki/w86-Artykaina
Arypiprazol,https://www.doz.pl//leki/w85-Arypiprazol_Aripiprazol
Asenapina,https://www.doz.pl//leki/w87-Asenapina
Asfotaza,https://www.doz.pl//leki/w88-Asfotaza_alfa
Asparaginaza,https://www.doz.pl//leki/w89-Asparaginaza
Ataluren,https://www.doz.pl//leki/w90-Ataluren
Atazanawir,https://www.doz.pl//leki/w91-Atazanawir
Atenolol,https://www.doz.pl//leki/w92-Atenolol
Atomoksetyna,https://www.doz.pl//leki/w93-Atomoksetyna
Atorwastatyna,https://www.doz.pl//leki/w94-Atorwastatyna
Atropina,https://www.doz.pl//leki/w96-Atropina
Awanafil,https://www.doz.pl//leki/w97-Awanafil
Azacytydyna,https://www.doz.pl//leki/w98-Azacytydyna
Azatiopryna,https://www.doz.pl//leki/w100-Azatiopryna
Azelastyna,https://www.doz.pl//leki/w101-Azelastyna
Aztreonam,https://www.doz.pl//leki/w103-Aztreonam
Azylsartan,https://www.doz.pl//leki/w104-Azylsartan
Azytromycyna,https://www.doz.pl//leki/w105-Azytromycyna
Bacytracyna,https://www.doz.pl//leki/w106-Bacytracyna
Baklofen,https://www.doz.pl//leki/w107-Baklofen
Baricytynib,https://www.doz.pl//leki/w1375-Baricytynib
Bazedoksyfen,https://www.doz.pl//leki/w109-Bazedoksyfen
Bazyliksymab,https://www.doz.pl//leki/w110-Bazyliksymab
Bedakilina,https://www.doz.pl//leki/w111-Bedakilina
Beklometazon,https://www.doz.pl//leki/w112-Beklometazon
Beksaroten,https://www.doz.pl//leki/w113-Beksaroten
Belimumab,https://www.doz.pl//leki/w115-Belimumab
Bemiparyna,https://www.doz.pl//leki/w116-Bemiparyna
Benazepryl,https://www.doz.pl//leki/w117-Benazepryl
Bencyklan,https://www.doz.pl//leki/w118-Bencyklan
Bendamustyna,https://www.doz.pl//leki/w119-Bendamustyna
Benfotiamina,https://www.doz.pl//leki/w120-Benfotiamina
Benzalkoniowy,https://www.doz.pl//leki/w121-Benzalkoniowy_chlorek
Benzokaina,https://www.doz.pl//leki/w1372-Benzokaina_Anestezyna
Benzylopenicylina,https://www.doz.pl//leki/w123-Benzylopenicylina_benzatynowa
Benzylopenicylina,https://www.doz.pl//leki/w124-Benzylopenicylina_potasowa
Benzylopenicylina,https://www.doz.pl//leki/w125-Benzylopenicylina_prokainowa
Beraktant,https://www.doz.pl//leki/w126-Beraktant
Beta-karoten,https://www.doz.pl//leki/w127-Beta-karoten_Prowitamina_A
Betahistyna,https://www.doz.pl//leki/w128-Betahistyna
Betaina,https://www.doz.pl//leki/w129-Betaina
Betaksolol,https://www.doz.pl//leki/w130-Betaksolol
Betametazon,https://www.doz.pl//leki/w131-Betametazon
Bewacyzumab,https://www.doz.pl//leki/w132-Bewacyzumab
Bezylezomab,https://www.doz.pl//leki/w133-Bezylezomab
Białko,https://www.doz.pl//leki/w134-Bialko_ludzkie_C
Bifonazol,https://www.doz.pl//leki/w135-Bifonazol
Bikalutamid,https://www.doz.pl//leki/w136-Bikalutamid
Biktegrawir,https://www.doz.pl//leki/w1300-Biktegrawir
Bilastyna,https://www.doz.pl//leki/w137-Bilastyna
Bimatoprost,https://www.doz.pl//leki/w138-Bimatoprost
Biotyna,https://www.doz.pl//leki/w139-Biotyna
Biperyden,https://www.doz.pl//leki/w140-Biperyden
Bisakodyl,https://www.doz.pl//leki/w141-Bisakodyl
Bisoprolol,https://www.doz.pl//leki/w142-Bisoprolol
biwalirudyna,https://www.doz.pl//leki/w1403-biwalirudyna
Bleomycyna,https://www.doz.pl//leki/w144-Bleomycyna
Blinatumomab,https://www.doz.pl//leki/w145-Blinatumomab_
Boceprewir,https://www.doz.pl//leki/w146-Boceprewir
Bortezomib,https://www.doz.pl//leki/w147-Bortezomib
Bosentan,https://www.doz.pl//leki/w148-Bosentan
Bosutinib,https://www.doz.pl//leki/w149-Bosutinib
Brentuksymabu,https://www.doz.pl//leki/w150-Brentuksymabu_wedotin
Brimonidyna,https://www.doz.pl//leki/w151-Brimonidyna
Brinzolamid,https://www.doz.pl//leki/w152-Brinzolamid
Briwaracetam,https://www.doz.pl//leki/w153-Briwaracetam
Bromazepam,https://www.doz.pl//leki/w154-Bromazepam
Bromek,https://www.doz.pl//leki/w1412-Bromek_Ipratropium
Bromfenak,https://www.doz.pl//leki/w156-Bromfenak
Bromoheksyna,https://www.doz.pl//leki/w1394-Bromoheksyna
Bromokryptyna,https://www.doz.pl//leki/w158-Bromokryptyna
Brygatynib,https://www.doz.pl//leki/w1369-Brygatynib
Budezonid,https://www.doz.pl//leki/w159-Budezonid
Bupiwakaina,https://www.doz.pl//leki/w160-Bupiwakaina
Buprenorfina,https://www.doz.pl//leki/w161-Buprenorfina
Bupropion,https://www.doz.pl//leki/w162-Bupropion
Burosumab,https://www.doz.pl//leki/w1301-Burosumab
Buspiron,https://www.doz.pl//leki/w163-Buspiron
Busulfan,https://www.doz.pl//leki/w164-Busulfan
Butamirat,https://www.doz.pl//leki/w166-Butamirat
Cefadroksyl,https://www.doz.pl//leki/w167-Cefadroksyl
Cefaklor,https://www.doz.pl//leki/w168-Cefaklor
Cefaleksyna,https://www.doz.pl//leki/w169-Cefaleksyna
Cefamandol,https://www.doz.pl//leki/w170-Cefamandol
Cefazolina,https://www.doz.pl//leki/w171-Cefazolina
Cefepim,https://www.doz.pl//leki/w172-Cefepim
Cefiksym,https://www.doz.pl//leki/w173-Cefiksym
Cefoperazon,https://www.doz.pl//leki/w174-Cefoperazon
Cefotaksym,https://www.doz.pl//leki/w175-Cefotaksym
Ceftazydym,https://www.doz.pl//leki/w177-Ceftazydym
Ceftolozan,https://www.doz.pl//leki/w178-Ceftolozan
Ceftriakson,https://www.doz.pl//leki/w179-Ceftriakson
Ceftybuten,https://www.doz.pl//leki/w180-Ceftybuten
Cefuroksym,https://www.doz.pl//leki/w181-Cefuroksym
Celekoksyb,https://www.doz.pl//leki/w182-Celekoksyb
Celiprolol,https://www.doz.pl//leki/w183-Celiprolol
Cerebrolizyna,https://www.doz.pl//leki/w184-Cerebrolizyna
Certolizumab,https://www.doz.pl//leki/w185-Certolizumab_pegol
Cerytynib,https://www.doz.pl//leki/w186-Cerytynib
Cetuksymab,https://www.doz.pl//leki/w188-Cetuksymab
Cetyryzyna,https://www.doz.pl//leki/w189-Cetyryzyna
Chinagolid,https://www.doz.pl//leki/w190-Chinagolid
Chinapryl,https://www.doz.pl//leki/w191-Chinapryl
Chlorambucyl,https://www.doz.pl//leki/w192-Chlorambucyl_Chlorambucil
Chlorek,https://www.doz.pl//leki/w194-Chlorek_benzoksoniowy
Chlorek,https://www.doz.pl//leki/w195-Chlorek_cetylopirydyniowy
Chlorek,https://www.doz.pl//leki/w1303-Chlorek_magnezu
Chlorek,https://www.doz.pl//leki/w1304-Chlorek_potasu
Chlorek,https://www.doz.pl//leki/w199-Chlorek_sodu
Chlorek,https://www.doz.pl//leki/w200-Chlorek_wapnia
Chlorheksydyna,https://www.doz.pl//leki/w201-Chlorheksydyna
Chlormadinon,https://www.doz.pl//leki/w202-Chlormadinon
Chlorochina,https://www.doz.pl//leki/w204-Chlorochina
Chlorochinaldol,https://www.doz.pl//leki/w205-Chlorochinaldol
Chlorodiazepoksyd,https://www.doz.pl//leki/w206-Chlorodiazepoksyd
Chloroprokaina,https://www.doz.pl//leki/w208-Chloroprokaina
Chlorotalidon,https://www.doz.pl//leki/w209-Chlorotalidon
Chlorpromazyna,https://www.doz.pl//leki/w211-Chlorpromazyna
Chlorprotiksen,https://www.doz.pl//leki/w212-Chlorprotiksen
Chondroityna,https://www.doz.pl//leki/w214-Chondroityna
Choriogonadotropina,https://www.doz.pl//leki/w215-Choriogonadotropina_alfa
Cilazapryl,https://www.doz.pl//leki/w216-Cilazapryl
Cilostazol,https://www.doz.pl//leki/w217-Cilostazol
Ciprofibrat,https://www.doz.pl//leki/w218-Ciprofibrat
Ciprofloksacyna,https://www.doz.pl//leki/w219-Ciprofloksacyna
Cisatrakurium,https://www.doz.pl//leki/w220-Cisatrakurium
Cisplatyna,https://www.doz.pl//leki/w221-Cisplatyna
Citalopram,https://www.doz.pl//leki/w222-Citalopram
Cyklezonid,https://www.doz.pl//leki/w224-Cyklezonid
Cyklofosfamid,https://www.doz.pl//leki/w225-Cyklofosfamid
Cyklosporyna,https://www.doz.pl//leki/w227-Cyklosporyna
Cynakalcet,https://www.doz.pl//leki/w228-Cynakalcet
Cynaryzyna,https://www.doz.pl//leki/w229-Cynaryzyna
Cynchokaina,https://www.doz.pl//leki/w230-Cynchokaina
Cyproheptadyna,https://www.doz.pl//leki/w231-Cyproheptadyna
Cyproteron,https://www.doz.pl//leki/w232-Cyproteron
Cytarabina,https://www.doz.pl//leki/w233-Cytarabina
Cytrynian,https://www.doz.pl//leki/w1305-Cytrynian_magnezu
Cytrynian,https://www.doz.pl//leki/w1306-Cytrynian_potasu
Cytykolina,https://www.doz.pl//leki/w234-Cytykolina
Cytyzyna,https://www.doz.pl//leki/w235-Cytyzyna
Cyzapryd,https://www.doz.pl//leki/w236-Cyzapryd
Dabigatran,https://www.doz.pl//leki/w237-Dabigatran
Dabrafenib,https://www.doz.pl//leki/w238-Dabrafenib
Dakarbazyna,https://www.doz.pl//leki/w239-Dakarbazyna
Daklataswir,https://www.doz.pl//leki/w240-Daklataswir
Daklizumab,https://www.doz.pl//leki/w241-Daklizumab
Dalteparyna,https://www.doz.pl//leki/w243-Dalteparyna
Danazol,https://www.doz.pl//leki/w244-Danazol
Dapagliflozyna,https://www.doz.pl//leki/w245-Dapagliflozyna
Dapoksetyna,https://www.doz.pl//leki/w246-Dapoksetyna
Dapson,https://www.doz.pl//leki/w1355-Dapson
Daptomycyna,https://www.doz.pl//leki/w247-Daptomycyna
Daratumumab,https://www.doz.pl//leki/w248-Daratumumab
Darbepoetyna,https://www.doz.pl//leki/w249-Darbepoetyna_alfa
Darunawir,https://www.doz.pl//leki/w250-Darunawir
Daryfenacyna,https://www.doz.pl//leki/w251-Daryfenacyna
Dasatynib,https://www.doz.pl//leki/w252-Dasatynib
Dazabuwir,https://www.doz.pl//leki/w253-Dazabuwir
Decytabina,https://www.doz.pl//leki/w254-Decytabina
Deferazyroks,https://www.doz.pl//leki/w255-Deferazyroks
Deferoksamina,https://www.doz.pl//leki/w256-Deferoksamina
Deferypron,https://www.doz.pl//leki/w257-Deferypron
Defibrotyd,https://www.doz.pl//leki/w258-Defibrotyd
Deksametazon,https://www.doz.pl//leki/w261-Deksametazon
Deksbromfeniramina,https://www.doz.pl//leki/w262-Deksbromfeniramina
Deksibuprofen,https://www.doz.pl//leki/w263-Deksibuprofen
Deksketoprofen,https://www.doz.pl//leki/w264-Deksketoprofen
Dekslanzoprazol,https://www.doz.pl//leki/w265-Dekslanzoprazol
Deksmedetomidyna,https://www.doz.pl//leki/w266-Deksmedetomidyna
Deksrazoksan,https://www.doz.pl//leki/w267-Deksrazoksan
Dekstran,https://www.doz.pl//leki/w268-Dekstran
Dekstrometorfan,https://www.doz.pl//leki/w269-Dekstrometorfan
Dekwalina,https://www.doz.pl//leki/w270-Dekwalina
Delamanid,https://www.doz.pl//leki/w271-Delamanid
Desfluran,https://www.doz.pl//leki/w274-Desfluran
Desloratadyna,https://www.doz.pl//leki/w275-Desloratadyna
Desmopresyna,https://www.doz.pl//leki/w276-Desmopresyna
Detreomycyna,https://www.doz.pl//leki/w193-Detreomycyna_Chloramfenikol
Dezogestrel,https://www.doz.pl//leki/w278-Dezogestrel
DHEA,https://www.doz.pl//leki/w260-DHEA_Prasteron_Dehydroepiandrosteron
Diazepam,https://www.doz.pl//leki/w279-Diazepam
Dienogest,https://www.doz.pl//leki/w281-Dienogest
Difenhydramina,https://www.doz.pl//leki/w282-Difenhydramina
Difenoksylat,https://www.doz.pl//leki/w283-Difenoksylat
Digoksyna,https://www.doz.pl//leki/w284-Digoksyna
Dihydroergokrystyna,https://www.doz.pl//leki/w285-Dihydroergokrystyna
Dihydroergotamina,https://www.doz.pl//leki/w286-Dihydroergotamina
Dihydrokodeina,https://www.doz.pl//leki/w287-Dihydrokodeina
Diklofenak,https://www.doz.pl//leki/w1382-Diklofenak
Diltiazem,https://www.doz.pl//leki/w289-Diltiazem
Dimenhydrynat,https://www.doz.pl//leki/w290-Dimenhydrynat
Dimetynden,https://www.doz.pl//leki/w292-Dimetynden
Dinoproston,https://www.doz.pl//leki/w293-Dinoproston
Dinutuksymab,https://www.doz.pl//leki/w294-Dinutuksymab_beta
Diosmektyt,https://www.doz.pl//leki/w295-Diosmektyt
Diosmina,https://www.doz.pl//leki/w296-Diosmina
Distygmina,https://www.doz.pl//leki/w297-Distygmina
Disulfiram,https://www.doz.pl//leki/w298-Disulfiram
Dobutamina,https://www.doz.pl//leki/w300-Dobutamina
Docetaksel,https://www.doz.pl//leki/w301-Docetaksel
Dokozanol,https://www.doz.pl//leki/w302-Dokozanol
Doksazosyna,https://www.doz.pl//leki/w303-Doksazosyna
Doksepina,https://www.doz.pl//leki/w304-Doksepina
Doksorubicyna,https://www.doz.pl//leki/w305-Doksorubicyna
Doksycyklina,https://www.doz.pl//leki/w306-Doksycyklina
Doksylamina,https://www.doz.pl//leki/w307-Doksylamina
Dokuzynian,https://www.doz.pl//leki/w308-Dokuzynian_sodu
Dolutegrawir,https://www.doz.pl//leki/w309-Dolutegrawir
Domperidon,https://www.doz.pl//leki/w310-Domperidon
Donepezil,https://www.doz.pl//leki/w311-Donepezil
Dopamina,https://www.doz.pl//leki/w312-Dopamina
Dornaza,https://www.doz.pl//leki/w313-Dornaza_alfa
Dorzolamid,https://www.doz.pl//leki/w314-Dorzolamid
Dronedaron,https://www.doz.pl//leki/w315-Dronedaron
Droperydol,https://www.doz.pl//leki/w316-Droperydol
Drospirenon,https://www.doz.pl//leki/w317-Drospirenon
Drotaweryna,https://www.doz.pl//leki/w1393-Drotaweryna
Dulaglutyd,https://www.doz.pl//leki/w319-Dulaglutyd
Duloksetyna,https://www.doz.pl//leki/w320-Duloksetyna
Dupilumab,https://www.doz.pl//leki/w1307-Dupilumab
Dutasteryd,https://www.doz.pl//leki/w321-Dutasteryd
Dydrogesteron,https://www.doz.pl//leki/w322-Dydrogesteron
Edoksaban,https://www.doz.pl//leki/w323-Edoksaban
Edotreotyd,https://www.doz.pl//leki/w324-Edotreotyd
Efawirenz,https://www.doz.pl//leki/w325-Efawirenz
Efedryna,https://www.doz.pl//leki/w1308-Efedryna
Ekonazol,https://www.doz.pl//leki/w329-Ekonazol
Eksemestan,https://www.doz.pl//leki/w330-Eksemestan
Eksenatyd,https://www.doz.pl//leki/w331-Eksenatyd
Ekulizumab,https://www.doz.pl//leki/w332-Ekulizumab
Elbaswir,https://www.doz.pl//leki/w333-Elbaswir
Eletryptan,https://www.doz.pl//leki/w334-Eletryptan
Eliglustat,https://www.doz.pl//leki/w335-Eliglustat
Elotuzumab,https://www.doz.pl//leki/w337-Elotuzumab
Eltrombopag,https://www.doz.pl//leki/w338-Eltrombopag
Eluksadolina,https://www.doz.pl//leki/w339-Eluksadolina
Elwitegrawir,https://www.doz.pl//leki/w340-Elwitegrawir
Emedastyna,https://www.doz.pl//leki/w341-Emedastyna
Empagliflozyna,https://www.doz.pl//leki/w342-Empagliflozyna
Emtrycytabina,https://www.doz.pl//leki/w343-Emtrycytabina
Enalapril,https://www.doz.pl//leki/w344-Enalapril
Enkorafenib,https://www.doz.pl//leki/w1309-Enkorafenib
Enoksaparyna,https://www.doz.pl//leki/w1383-Enoksaparyna
Entakapon,https://www.doz.pl//leki/w347-Entakapon
Entekawir,https://www.doz.pl//leki/w348-Entekawir
Enzalutamid,https://www.doz.pl//leki/w349-Enzalutamid
Epirubicyna,https://www.doz.pl//leki/w351-Epirubicyna
Eplerenon,https://www.doz.pl//leki/w352-Eplerenon
Epoetyna,https://www.doz.pl//leki/w353-Epoetyna_alfa
Epoetyna,https://www.doz.pl//leki/w355-Epoetyna_teta
Epoetyna,https://www.doz.pl//leki/w356-Epoetyna_zeta
Epoprostenol,https://www.doz.pl//leki/w357-Epoprostenol
Eprosartan,https://www.doz.pl//leki/w358-Eprosartan
Eptyfibatyd,https://www.doz.pl//leki/w359-Eptyfibatyd
Erdosteina,https://www.doz.pl//leki/w360-Erdosteina
Erenumab,https://www.doz.pl//leki/w1311-Erenumab
Ergotamina,https://www.doz.pl//leki/w361-Ergotamina
Erlotynib,https://www.doz.pl//leki/w362-Erlotynib
Ertapenem,https://www.doz.pl//leki/w363-Ertapenem
Erybulina,https://www.doz.pl//leki/w364-Erybulina
Erytromycyna,https://www.doz.pl//leki/w365-Erytromycyna
Escitalopram,https://www.doz.pl//leki/w366-Escitalopram
Escyna,https://www.doz.pl//leki/w367-Escyna
Eslikarbazepina,https://www.doz.pl//leki/w368-Eslikarbazepina
Esmolol,https://www.doz.pl//leki/w369-Esmolol
Esomeprazol,https://www.doz.pl//leki/w370-Esomeprazol
Estazolam,https://www.doz.pl//leki/w371-Estazolam
Estradiol,https://www.doz.pl//leki/w1414-Estradiol
Estriol,https://www.doz.pl//leki/w373-Estriol
Estry,https://www.doz.pl//leki/w374-Estry_etylowe_kwasow_omega-3
Etambutol,https://www.doz.pl//leki/w375-Etambutol
Etamsylat,https://www.doz.pl//leki/w376-Etamsylat
Etanercept,https://www.doz.pl//leki/w377-Etanercept
Etelkalcetyd,https://www.doz.pl//leki/w378-Etelkalcetyd
Etomidat,https://www.doz.pl//leki/w380-Etomidat
Etonogestrel,https://www.doz.pl//leki/w381-Etonogestrel
Etopozyd,https://www.doz.pl//leki/w382-Etopozyd
Etorykoksyb,https://www.doz.pl//leki/w383-Etorykoksyb
Etosuksymid,https://www.doz.pl//leki/w384-Etosuksymid
Etrawiryna,https://www.doz.pl//leki/w385-Etrawiryna
Etylefryna,https://www.doz.pl//leki/w386-Etylefryna
Etynyloestradiol,https://www.doz.pl//leki/w388-Etynyloestradiol
Ewerolimus,https://www.doz.pl//leki/w389-Ewerolimus
Ewolokumab,https://www.doz.pl//leki/w390-Ewolokumab
Ezetimib,https://www.doz.pl//leki/w391-Ezetimib
Famotydyna,https://www.doz.pl//leki/w392-Famotydyna
Famprydyna,https://www.doz.pl//leki/w393-Famprydyna
Febuksostat,https://www.doz.pl//leki/w394-Febuksostat
Feksofenadyna,https://www.doz.pl//leki/w395-Feksofenadyna
Felodypina,https://www.doz.pl//leki/w396-Felodypina
Fenobarbital,https://www.doz.pl//leki/w397-Fenobarbital_Luminal
Fenofibrat,https://www.doz.pl//leki/w398-Fenofibrat
Fenoksymetylopenicylina,https://www.doz.pl//leki/w400-Fenoksymetylopenicylina_penicylina_fenoksymetylowa
Fenoterol,https://www.doz.pl//leki/w402-Fenoterol
Fenspiryd,https://www.doz.pl//leki/w404-Fenspiryd
Fentanyl,https://www.doz.pl//leki/w405-Fentanyl
Fentikonazol,https://www.doz.pl//leki/w406-Fentikonazol
Fenylefryna,https://www.doz.pl//leki/w407-Fenylefryna
Fenylobutazon,https://www.doz.pl//leki/w408-Fenylobutazon
Fenylomaślan,https://www.doz.pl//leki/w409-Fenylomaslan_glicerolu
Fenylomaślanu,https://www.doz.pl//leki/w410-Fenylomaslanu_sodu
Fenytoina,https://www.doz.pl//leki/w411-Fenytoina
Fezoterodyna,https://www.doz.pl//leki/w412-Fezoterodyna
Fidaksomycyna,https://www.doz.pl//leki/w414-Fidaksomycyna
Filgrastym,https://www.doz.pl//leki/w415-Filgrastym
Finasteryd,https://www.doz.pl//leki/w416-Finasteryd
Fingolimod,https://www.doz.pl//leki/w417-Fingolimod
Fizostygmina,https://www.doz.pl//leki/w1359-Fizostygmina
Florbetapir,https://www.doz.pl//leki/w421-Florbetapir_18F
Flucytozyna,https://www.doz.pl//leki/w422-Flucytozyna
Fludarabina,https://www.doz.pl//leki/w423-Fludarabina
Fludeoksyglukoza,https://www.doz.pl//leki/w424-Fludeoksyglukoza_18F
Fludrokortyzon,https://www.doz.pl//leki/w425-Fludrokortyzon
Flukonazol,https://www.doz.pl//leki/w426-Flukonazol
Flumazenil,https://www.doz.pl//leki/w427-Flumazenil
Flumetazon,https://www.doz.pl//leki/w428-Flumetazon
Flunaryzyna,https://www.doz.pl//leki/w429-Flunaryzyna
Flunitrazepam,https://www.doz.pl//leki/w1313-Flunitrazepam
Fluocynolon,https://www.doz.pl//leki/w430-Fluocynolon
Fluoksetyna,https://www.doz.pl//leki/w431-Fluoksetyna
Fluoresceina,https://www.doz.pl//leki/w434-Fluoresceina
Fluorocholina,https://www.doz.pl//leki/w435-Fluorocholina_18F
Fluorometolon,https://www.doz.pl//leki/w436-Fluorometolon
Fluorouracyl,https://www.doz.pl//leki/w437-Fluorouracyl
Flupentiksol,https://www.doz.pl//leki/w438-Flupentiksol
Flupirtyna,https://www.doz.pl//leki/w439-Flupirtyna
Flurbiprofen,https://www.doz.pl//leki/w440-Flurbiprofen
Flutamid,https://www.doz.pl//leki/w441-Flutamid
Flutikazon,https://www.doz.pl//leki/w443-Flutikazon
Fluwastatyna,https://www.doz.pl//leki/w445-Fluwastatyna
Fluwoksamina,https://www.doz.pl//leki/w446-Fluwoksamina
Folinian,https://www.doz.pl//leki/w447-Folinian_wapnia
Folitropina,https://www.doz.pl//leki/w448-Folitropina_alfa
Folitropina,https://www.doz.pl//leki/w449-Folitropina_beta
Fondaparynuks,https://www.doz.pl//leki/w451-Fondaparynuks
Formoterol,https://www.doz.pl//leki/w453-Formoterol
Fosamprenawir,https://www.doz.pl//leki/w454-Fosamprenawir
Fosaprepitant,https://www.doz.pl//leki/w455-Fosaprepitant
Fosfokreatyna,https://www.doz.pl//leki/w456-Fosfokreatyna
Fosfomycyna,https://www.doz.pl//leki/w457-Fosfomycyna
Fosforan,https://www.doz.pl//leki/w458-Fosforan_glinu
Fotemustyna,https://www.doz.pl//leki/w459-Fotemustyna
Fozynopryl,https://www.doz.pl//leki/w460-Fozynopryl
Framycetyna,https://www.doz.pl//leki/w461-Framycetyna
Frowatryptan,https://www.doz.pl//leki/w462-Frowatryptan
Fulwestrant,https://www.doz.pl//leki/w463-Fulwestrant
Fumaran,https://www.doz.pl//leki/w464-Fumaran_dimetylu
Furagina,https://www.doz.pl//leki/w465-Furagina_Furazydyna
Furosemid,https://www.doz.pl//leki/w466-Furosemid
Gabapentyna,https://www.doz.pl//leki/w467-Gabapentyna
Gadodiamid,https://www.doz.pl//leki/w470-Gadodiamid
Gadoksetynian,https://www.doz.pl//leki/w471-Gadoksetynian_sodu
Gadoteridol,https://www.doz.pl//leki/w472-Gadoteridol
Gadowersetamid,https://www.doz.pl//leki/w473-Gadowersetamid
Galantamina,https://www.doz.pl//leki/w474-Galantamina
Galkanezumab,https://www.doz.pl//leki/w1314-Galkanezumab
Gancyklowir,https://www.doz.pl//leki/w477-Gancyklowir
Gefitynib,https://www.doz.pl//leki/w479-Gefitynib
Gemcytabina,https://www.doz.pl//leki/w480-Gemcytabina
Gencjana,https://www.doz.pl//leki/w418-Gencjana_Fiolet_gencjanowy_pioktanina
Gentamycyna,https://www.doz.pl//leki/w481-Gentamycyna
Gestoden,https://www.doz.pl//leki/w482-Gestoden
Glatiramer,https://www.doz.pl//leki/w483-Glatiramer
Glibenklamid,https://www.doz.pl//leki/w1315-Glibenklamid
Glicerofosforan,https://www.doz.pl//leki/w484-Glicerofosforan_sodu
Gliklazyd,https://www.doz.pl//leki/w485-Gliklazyd
Glikopironium,https://www.doz.pl//leki/w486-Glikopironium
Glikwidon,https://www.doz.pl//leki/w487-Glikwidon
Glimepiryd,https://www.doz.pl//leki/w488-Glimepiryd
Glipizyd,https://www.doz.pl//leki/w489-Glipizyd
Glukagon,https://www.doz.pl//leki/w490-Glukagon
Glukonian,https://www.doz.pl//leki/w491-Glukonian_cynku
Glukonian,https://www.doz.pl//leki/w1316-Glukonian_wapnia
Glukonian,https://www.doz.pl//leki/w492-Glukonian_zelaza
Glukonolaktobionian,https://www.doz.pl//leki/w1317-Glukonolaktobionian_wapnia
Glukozamina,https://www.doz.pl//leki/w493-Glukozamina
Golimumab,https://www.doz.pl//leki/w494-Golimumab
Gonadotropina,https://www.doz.pl//leki/w495-Gonadotropina_lozyskowa
Goserelina,https://www.doz.pl//leki/w496-Goserelina
Granisetron,https://www.doz.pl//leki/w497-Granisetron
Grazoprewir,https://www.doz.pl//leki/w498-Grazoprewir
Guanfacyna,https://www.doz.pl//leki/w499-Guanfacyna
Gwajafenezyna,https://www.doz.pl//leki/w500-Gwajafenezyna
Haloperidol,https://www.doz.pl//leki/w1387-Haloperidol
Heksafluorek,https://www.doz.pl//leki/w502-Heksafluorek_siarki
Hemina,https://www.doz.pl//leki/w504-Hemina_ludzka
Heparyna,https://www.doz.pl//leki/w505-Heparyna
Hialuronian,https://www.doz.pl//leki/w507-Hialuronian_sodu
Histamina,https://www.doz.pl//leki/w509-Histamina
Hydrochlorotiazyd,https://www.doz.pl//leki/w511-Hydrochlorotiazyd
Hydrokortyzon,https://www.doz.pl//leki/w512-Hydrokortyzon
Hydroksychlorochina,https://www.doz.pl//leki/w1356-Hydroksychlorochina
Hydroksykarbamid,https://www.doz.pl//leki/w514-Hydroksykarbamid
Hydroksymaślanu,https://www.doz.pl//leki/w516-Hydroksymaslanu_sodu
Hydroksyzyna,https://www.doz.pl//leki/w517-Hydroksyzyna
Hymekromon,https://www.doz.pl//leki/w518-Hymekromon
Ibrutynib,https://www.doz.pl//leki/w520-Ibrutynib
Ibrytumomab,https://www.doz.pl//leki/w521-Ibrytumomab
Ibuprofen,https://www.doz.pl//leki/w522-Ibuprofen
Ichtiol,https://www.doz.pl//leki/w523-Ichtiol_ichtamol_sulfobituminian_amonowy
Idarubicyna,https://www.doz.pl//leki/w524-Idarubicyna
Idarucyzumab,https://www.doz.pl//leki/w525-Idarucyzumab
Idebenon,https://www.doz.pl//leki/w526-Idebenon
Idelalizyb,https://www.doz.pl//leki/w527-Idelalizyb
Ifosfamid,https://www.doz.pl//leki/w529-Ifosfamid
Ikatybant,https://www.doz.pl//leki/w530-Ikatybant
Iksazomib,https://www.doz.pl//leki/w531-Iksazomib
Iloprost,https://www.doz.pl//leki/w533-Iloprost
Imatynib,https://www.doz.pl//leki/w534-Imatynib
Imidapryl,https://www.doz.pl//leki/w535-Imidapryl
Imikwimod,https://www.doz.pl//leki/w537-Imikwimod
Imipenem,https://www.doz.pl//leki/w538-Imipenem
Immunoglobulina,https://www.doz.pl//leki/w540-Immunoglobulina_Anty-T_Limfocytarna_Pochodzenia_Zwierzecego_Stosowana_U_Ludzi
Immunoglobulina,https://www.doz.pl//leki/w541-Immunoglobulina_ludzka_anty-D
Immunoglobulina,https://www.doz.pl//leki/w542-Immunoglobulina_ludzka_G_zmodyfikowana
Immunoglobulina,https://www.doz.pl//leki/w543-Immunoglobulina_ludzka_normalna
Immunoglobulina,https://www.doz.pl//leki/w544-Immunoglobulina_ludzka_przeciw_wirusowemu_zapaleniu_watroby_typu_B
Immunoglobulina,https://www.doz.pl//leki/w539-Immunoglobulina_ludzka_przeciwtezcowa
Indakaterol,https://www.doz.pl//leki/w545-Indakaterol
Indapamid,https://www.doz.pl//leki/w546-Indapamid
Indometacyna,https://www.doz.pl//leki/w547-Indometacyna
Indynawir,https://www.doz.pl//leki/w548-Indynawir
Infliksymab,https://www.doz.pl//leki/w549-Infliksymab
Inotuzumab,https://www.doz.pl//leki/w1319-Inotuzumab_ozogamycyny
Inozyny,https://www.doz.pl//leki/w992-Inozyny_pranobeks
Insulina,https://www.doz.pl//leki/w551-Insulina_Aspart
Insulina,https://www.doz.pl//leki/w552-Insulina_Degludec
Insulina,https://www.doz.pl//leki/w553-Insulina_Detemir
Insulina,https://www.doz.pl//leki/w554-Insulina_Glargine
Insulina,https://www.doz.pl//leki/w555-Insulina_Glulizynowa
Insulina,https://www.doz.pl//leki/w556-Insulina_Izofanowa
Insulina,https://www.doz.pl//leki/w557-Insulina_Lispro
Insulina,https://www.doz.pl//leki/w558-Insulina_Neutralna
Interferon,https://www.doz.pl//leki/w560-Interferon_Alfa-2A
Interferon,https://www.doz.pl//leki/w561-Interferon_Alfa-2B
Interferon,https://www.doz.pl//leki/w563-Interferon_Beta-1B
Ipilimumab,https://www.doz.pl//leki/w564-Ipilimumab
Irbesartan,https://www.doz.pl//leki/w566-Irbesartan
Irynotekan,https://www.doz.pl//leki/w567-Irynotekan
Isradypina,https://www.doz.pl//leki/w568-Isradypina
Itrakonazol,https://www.doz.pl//leki/w570-Itrakonazol
Iwabradyna,https://www.doz.pl//leki/w571-Iwabradyna
Iwakaftor,https://www.doz.pl//leki/w572-Iwakaftor
Izawukonazol,https://www.doz.pl//leki/w574-Izawukonazol
Izofluran,https://www.doz.pl//leki/w575-Izofluran
Izomaltozyd,https://www.doz.pl//leki/w577-Izomaltozyd_1000_zelaza_III
Izoniazyd,https://www.doz.pl//leki/w578-Izoniazyd
Izotretynoina,https://www.doz.pl//leki/w580-Izotretynoina_Izotretinoina
Izowalerianian,https://www.doz.pl//leki/w581-Izowalerianian_mentylu
Jod,https://www.doz.pl//leki/w582-Jod_i_jodki
Jodek,https://www.doz.pl//leki/w1351-Jodek_sodu_131I
Jodiksanol,https://www.doz.pl//leki/w583-Jodiksanol
Jodopowidon,https://www.doz.pl//leki/w584-Jodopowidon
Joflupan,https://www.doz.pl//leki/w1320-Joflupan_123_I
Joheksol,https://www.doz.pl//leki/w585-Joheksol
Jomeprol,https://www.doz.pl//leki/w586-Jomeprol
Jopromid,https://www.doz.pl//leki/w587-Jopromid
Jowersol,https://www.doz.pl//leki/w588-Jowersol
Kabazytaksel,https://www.doz.pl//leki/w589-Kabazytaksel
Kabergolina,https://www.doz.pl//leki/w590-Kabergolina
Kabozantynib,https://www.doz.pl//leki/w591-Kabozantynib
Kalcyfediol,https://www.doz.pl//leki/w592-Kalcyfediol
Kalcypotriol,https://www.doz.pl//leki/w593-Kalcypotriol
Kalcytonina,https://www.doz.pl//leki/w594-Kalcytonina
Kanagliflozyna,https://www.doz.pl//leki/w596-Kanagliflozyna
Kanakinumab,https://www.doz.pl//leki/w597-Kanakinumab
Kandesartan,https://www.doz.pl//leki/w598-Kandesartan
Kangrelor,https://www.doz.pl//leki/w599-Kangrelor
Kanrenoinian,https://www.doz.pl//leki/w600-Kanrenoinian_potasu
Kapecytabina,https://www.doz.pl//leki/w601-Kapecytabina
Kaplacyzumab,https://www.doz.pl//leki/w1321-Kaplacyzumab
Kapsaicyna,https://www.doz.pl//leki/w602-Kapsaicyna
Kaptopril,https://www.doz.pl//leki/w603-Kaptopril
Karbachol,https://www.doz.pl//leki/w604-Karbachol
Karbamazepina,https://www.doz.pl//leki/w605-Karbamazepina
Karbetocyna,https://www.doz.pl//leki/w606-Karbetocyna
Karbidopa,https://www.doz.pl//leki/w607-Karbidopa
Karbocysteina,https://www.doz.pl//leki/w608-Karbocysteina
Karboksymaltoza,https://www.doz.pl//leki/w609-Karboksymaltoza_zelazowa
Karbomer,https://www.doz.pl//leki/w610-Karbomer_Kwas_poliakrylowy
Karboplatyna,https://www.doz.pl//leki/w611-Karboplatyna
Karfilzomib,https://www.doz.pl//leki/w612-Karfilzomib
Karmustyna,https://www.doz.pl//leki/w1322-Karmustyna
Karteolol,https://www.doz.pl//leki/w613-Karteolol
Karwedilol,https://www.doz.pl//leki/w614-Karwedilol
Kaspofungina,https://www.doz.pl//leki/w615-Kaspofungina
Ketamina,https://www.doz.pl//leki/w617-Ketamina
Ketokonazol,https://www.doz.pl//leki/w618-Ketokonazol
Ketoprofen,https://www.doz.pl//leki/w619-Ketoprofen
Ketorolak,https://www.doz.pl//leki/w620-Ketorolak
Ketotifen,https://www.doz.pl//leki/w621-Ketotifen
Kladrybina,https://www.doz.pl//leki/w622-Kladrybina
Klarytromycyna,https://www.doz.pl//leki/w623-Klarytromycyna
Klemastyna,https://www.doz.pl//leki/w624-Klemastyna
Klindamycyna,https://www.doz.pl//leki/w625-Klindamycyna
Klobazam,https://www.doz.pl//leki/w626-Klobazam
Klobetazol,https://www.doz.pl//leki/w627-Klobetazol
Klodronian,https://www.doz.pl//leki/w628-Klodronian
Klofarabina,https://www.doz.pl//leki/w629-Klofarabina
Kloksacylina,https://www.doz.pl//leki/w630-Kloksacylina
Klometiazol,https://www.doz.pl//leki/w631-Klometiazol
Klomipramina,https://www.doz.pl//leki/w633-Klomipramina
Klonazepam,https://www.doz.pl//leki/w634-Klonazepam
Klonidyna,https://www.doz.pl//leki/w635-Klonidyna
Klopamid,https://www.doz.pl//leki/w636-Klopamid
Klopidogrel,https://www.doz.pl//leki/w637-Klopidogrel
Klorazepat,https://www.doz.pl//leki/w638-Klorazepat
Klotrimazol,https://www.doz.pl//leki/w639-Klotrimazol
Klozapina,https://www.doz.pl//leki/w640-Klozapina
Kobicystat,https://www.doz.pl//leki/w641-Kobicystat
Kobimetynib,https://www.doz.pl//leki/w642-Kobimetynib
Kodeina,https://www.doz.pl//leki/w643-Kodeina
kolagenaza,https://www.doz.pl//leki/w1352-kolagenaza_clostridium_histolyticum_Klostridiopeptydaza
Kolchicyna,https://www.doz.pl//leki/w644-Kolchicyna
Kolesewelam,https://www.doz.pl//leki/w645-Kolesewelam
Kolistyna,https://www.doz.pl//leki/w646-Kolistyna_kolistymetat_sodowy
Kompleks,https://www.doz.pl//leki/w647-Kompleks_osseinowo-hydroksyapatytowy
Kompleks,https://www.doz.pl//leki/w648-Kompleks_wodorotlenku_zelaza_III_z_dekstranem
Kompleks,https://www.doz.pl//leki/w649-Kompleks_wodorotlenku_zelaza_III_z_sacharoza
Kompleks,https://www.doz.pl//leki/w650-Kompleks_wodorotlenku_zelaza_z_polimaltoza
Konestat,https://www.doz.pl//leki/w651-Konestat_alfa
Kotrimoksazol,https://www.doz.pl//leki/w1123-Kotrimoksazol_SulfametoksazolTrimetoprim
Kryzantaspaza,https://www.doz.pl//leki/w655-Kryzantaspaza
Kryzotynib,https://www.doz.pl//leki/w656-Kryzotynib
Ksylometazolina,https://www.doz.pl//leki/w657-Ksylometazolina
Kwas,https://www.doz.pl//leki/w658-Kwas_5-aminolewulinowy
Kwas,https://www.doz.pl//leki/w659-Kwas_acetylosalicylowy
Kwas,https://www.doz.pl//leki/w663-Kwas_borowy
Kwas,https://www.doz.pl//leki/w1323-Kwas_chenodeoksycholowy
Kwas,https://www.doz.pl//leki/w664-Kwas_cholowy
Kwas,https://www.doz.pl//leki/w667-Kwas_foliowy_Witamina_B9
Kwas,https://www.doz.pl//leki/w669-Kwas_gadoterynowy
Kwas,https://www.doz.pl//leki/w670-Kwas_ibandronowy
Kwas,https://www.doz.pl//leki/w671-Kwas_kargluminowy
Kwas,https://www.doz.pl//leki/w673-Kwas_mefenamowy
Kwas,https://www.doz.pl//leki/w675-Kwas_mykofenolowy
Kwas,https://www.doz.pl//leki/w676-Kwas_obetycholowy
Kwas,https://www.doz.pl//leki/w677-Kwas_p-aminosalicylowy_PAS
Kwas,https://www.doz.pl//leki/w678-Kwas_pamidronowy
Kwas,https://www.doz.pl//leki/w679-Kwas_pipemidynowy
Kwas,https://www.doz.pl//leki/w682-Kwas_tioktynowy_kwas_alfa-liponowy
Kwas,https://www.doz.pl//leki/w683-Kwas_tolfenamowy
Kwas,https://www.doz.pl//leki/w684-Kwas_traneksamowy
Kwas,https://www.doz.pl//leki/w686-Kwas_ursodeoksycholowy
Kwas,https://www.doz.pl//leki/w687-Kwas_walproinowy
Kwas,https://www.doz.pl//leki/w688-Kwas_zoledronowy
Kwetiapina,https://www.doz.pl//leki/w689-Kwetiapina
Lacydypina,https://www.doz.pl//leki/w690-Lacydypina
Lakozamid,https://www.doz.pl//leki/w691-Lakozamid
Laktobionian,https://www.doz.pl//leki/w1324-Laktobionian_wapnia
Laktoglukonian,https://www.doz.pl//leki/w1325-Laktoglukonian_wapnia
Laktuloza,https://www.doz.pl//leki/w1391-Laktuloza
Lamiwudyna,https://www.doz.pl//leki/w693-Lamiwudyna
Lamotrygina,https://www.doz.pl//leki/w694-Lamotrygina
Lanreotyd,https://www.doz.pl//leki/w695-Lanreotyd
Lansoprazol,https://www.doz.pl//leki/w696-Lansoprazol
Lantan,https://www.doz.pl//leki/w697-Lantan
Lapatynib,https://www.doz.pl//leki/w698-Lapatynib
Laronidaza,https://www.doz.pl//leki/w699-Laronidaza
Latanoprost,https://www.doz.pl//leki/w700-Latanoprost
Lauromakrogol,https://www.doz.pl//leki/w701-Lauromakrogol_400
Ledipaswir,https://www.doz.pl//leki/w702-Ledipaswir
Leflunomid,https://www.doz.pl//leki/w703-Leflunomid
Lenalidomid,https://www.doz.pl//leki/w704-Lenalidomid
Lerkanidypina,https://www.doz.pl//leki/w706-Lerkanidypina
Letrozol,https://www.doz.pl//leki/w707-Letrozol
Leuprorelina,https://www.doz.pl//leki/w708-Leuprorelina
Lewetiracetam,https://www.doz.pl//leki/w709-Lewetiracetam_Lewetyracetam
Lewocetyryzyna,https://www.doz.pl//leki/w711-Lewocetyryzyna
Lewodopa,https://www.doz.pl//leki/w712-Lewodopa
Lewofloksacyna,https://www.doz.pl//leki/w714-Lewofloksacyna
Lewokabastyna,https://www.doz.pl//leki/w1362-Lewokabastyna
Lewomepromazyna,https://www.doz.pl//leki/w715-Lewomepromazyna
Lewometadon,https://www.doz.pl//leki/w716-Lewometadon
Lewonorgestrel,https://www.doz.pl//leki/w717-Lewonorgestrel
Lewotyroksyna,https://www.doz.pl//leki/w719-Lewotyroksyna
Lewozymendan,https://www.doz.pl//leki/w718-Lewozymendan
Lezynurad,https://www.doz.pl//leki/w720-Lezynurad
Lidokaina,https://www.doz.pl//leki/w721-Lidokaina
Liksysenatyd,https://www.doz.pl//leki/w722-Liksysenatyd
Limecyklina,https://www.doz.pl//leki/w723-Limecyklina
Linagliptyna,https://www.doz.pl//leki/w724-Linagliptyna
Linaklotyd,https://www.doz.pl//leki/w725-Linaklotyd
Linestrenol,https://www.doz.pl//leki/w726-Linestrenol
Linezolid,https://www.doz.pl//leki/w727-Linezolid
Linkomycyna,https://www.doz.pl//leki/w728-Linkomycyna
Lipegfilgrastym,https://www.doz.pl//leki/w729-Lipegfilgrastym
Liraglutyd,https://www.doz.pl//leki/w730-Liraglutyd
Lizynopryl,https://www.doz.pl//leki/w731-Lizynopryl
Loksapina,https://www.doz.pl//leki/w733-Loksapina
Lomitapid,https://www.doz.pl//leki/w734-Lomitapid
Loperamid,https://www.doz.pl//leki/w735-Loperamid
Lopinawir,https://www.doz.pl//leki/w736-Lopinawir
Loratadyna,https://www.doz.pl//leki/w737-Loratadyna
Lorazepam,https://www.doz.pl//leki/w738-Lorazepam
Lormetazepam,https://www.doz.pl//leki/w739-Lormetazepam
Lornoksykam,https://www.doz.pl//leki/w740-Lornoksykam
Losartan,https://www.doz.pl//leki/w741-Losartan
Loteprednol,https://www.doz.pl//leki/w742-Loteprednol
Lowastatyna,https://www.doz.pl//leki/w743-Lowastatyna
Ludzki,https://www.doz.pl//leki/w746-Ludzki_czynnik_krzepniecia_VIII
Ludzki,https://www.doz.pl//leki/w747-Ludzki_czynnik_krzepniecia_X
Ludzki,https://www.doz.pl//leki/w748-Ludzki_czynnik_krzepniecia_XIII
Lumakaftor,https://www.doz.pl//leki/w750-Lumakaftor
Lurazydon,https://www.doz.pl//leki/w751-Lurazydon
Macitentan,https://www.doz.pl//leki/w753-Macitentan
Makrogol,https://www.doz.pl//leki/w755-Makrogol
Maltol,https://www.doz.pl//leki/w1327-Maltol_zelaza
Mannitol,https://www.doz.pl//leki/w756-Mannitol
Maprotylina,https://www.doz.pl//leki/w757-Maprotylina
Marawirok,https://www.doz.pl//leki/w758-Marawirok
Mebendazol,https://www.doz.pl//leki/w760-Mebendazol
Mebeweryna,https://www.doz.pl//leki/w761-Mebeweryna
Medazepam,https://www.doz.pl//leki/w763-Medazepam
Medroksyprogesteron,https://www.doz.pl//leki/w764-Medroksyprogesteron
Megestrol,https://www.doz.pl//leki/w765-Megestrol
Mekasermina,https://www.doz.pl//leki/w766-Mekasermina
Melatonina,https://www.doz.pl//leki/w767-Melatonina
Melfalan,https://www.doz.pl//leki/w768-Melfalan
Meloksykam,https://www.doz.pl//leki/w1406-Meloksykam
Memantyna,https://www.doz.pl//leki/w770-Memantyna
Menotropina,https://www.doz.pl//leki/w771-Menotropina
Mentol,https://www.doz.pl//leki/w772-Mentol
Mepiwakaina,https://www.doz.pl//leki/w774-Mepiwakaina
Mepyramina,https://www.doz.pl//leki/w776-Mepyramina
Merkaptamina,https://www.doz.pl//leki/w777-Merkaptamina_Cysteamina
Merkaptopuryna,https://www.doz.pl//leki/w778-Merkaptopuryna
Meropenem,https://www.doz.pl//leki/w779-Meropenem
Mesalazyna,https://www.doz.pl//leki/w780-Mesalazyna
Mesna,https://www.doz.pl//leki/w781-Mesna
Metadon,https://www.doz.pl//leki/w783-Metadon
Metamizol,https://www.doz.pl//leki/w784-Metamizol
Metformina,https://www.doz.pl//leki/w1399-Metformina
Metipranolol,https://www.doz.pl//leki/w1360-Metipranolol
Metokarbamol,https://www.doz.pl//leki/w787-Metokarbamol
Metoklopramid,https://www.doz.pl//leki/w788-Metoklopramid
Metoksalen,https://www.doz.pl//leki/w789-Metoksalen
Metoprolol,https://www.doz.pl//leki/w790-Metoprolol
Metotreksat,https://www.doz.pl//leki/w791-Metotreksat
Metronidazol,https://www.doz.pl//leki/w1407-Metronidazol
Metyldopa,https://www.doz.pl//leki/w793-Metyldopa
Metylodigoksyna,https://www.doz.pl//leki/w794-Metylodigoksyna
Metylofenidat,https://www.doz.pl//leki/w795-Metylofenidat
Metyloprednizolon,https://www.doz.pl//leki/w797-Metyloprednizolon
Metyrapon,https://www.doz.pl//leki/w798-Metyrapon
Mianseryna,https://www.doz.pl//leki/w799-Mianseryna
Midazolam,https://www.doz.pl//leki/w800-Midazolam
Midodryna,https://www.doz.pl//leki/w801-Midodryna
Mifamurtyd,https://www.doz.pl//leki/w802-Mifamurtyd
Migalastat,https://www.doz.pl//leki/w803-Migalastat
Miglustat,https://www.doz.pl//leki/w804-Miglustat
Mikonazol,https://www.doz.pl//leki/w805-Mikonazol
Milnacypran,https://www.doz.pl//leki/w806-Milnacypran
Milrinon,https://www.doz.pl//leki/w807-Milrinon
Minoksydyl,https://www.doz.pl//leki/w808-Minoksydyl
Mirabegron,https://www.doz.pl//leki/w809-Mirabegron
Mirtazapina,https://www.doz.pl//leki/w810-Mirtazapina
Mitoksantron,https://www.doz.pl//leki/w811-Mitoksantron
Mitomycyna,https://www.doz.pl//leki/w812-Mitomycyna
Mitotan,https://www.doz.pl//leki/w813-Mitotan
Miwakurium,https://www.doz.pl//leki/w814-Miwakurium
Mizoprostol,https://www.doz.pl//leki/w815-Mizoprostol
Mleczan,https://www.doz.pl//leki/w1328-Mleczan_magnezu
Mleczan,https://www.doz.pl//leki/w1329-Mleczan_wapnia
Moklobemid,https://www.doz.pl//leki/w818-Moklobemid
Moksonidyna,https://www.doz.pl//leki/w819-Moksonidyna
Moksyfloksacyna,https://www.doz.pl//leki/w820-Moksyfloksacyna
Molsidomina,https://www.doz.pl//leki/w821-Molsidomina
Mometazon,https://www.doz.pl//leki/w822-Mometazon
Monoazotan,https://www.doz.pl//leki/w579-Monoazotan_izosorbidu
Monobenzon,https://www.doz.pl//leki/w823-Monobenzon
Montelukast,https://www.doz.pl//leki/w824-Montelukast
Morfina,https://www.doz.pl//leki/w825-Morfina
Mykafungina,https://www.doz.pl//leki/w1405-Mykafungina
Nabumeton,https://www.doz.pl//leki/w831-Nabumeton
Nadroparyna,https://www.doz.pl//leki/w833-Nadroparyna
Nadtlenek,https://www.doz.pl//leki/w834-Nadtlenek_benzoilu
Nafazolina,https://www.doz.pl//leki/w836-Nafazolina
Nalbufina,https://www.doz.pl//leki/w838-Nalbufina
Nalmefen,https://www.doz.pl//leki/w839-Nalmefen
Naloksegol,https://www.doz.pl//leki/w840-Naloksegol
Nalokson,https://www.doz.pl//leki/w841-Nalokson
Naltrekson,https://www.doz.pl//leki/w842-Naltrekson
Nandrolon,https://www.doz.pl//leki/w843-Nandrolon
Naproksen,https://www.doz.pl//leki/w844-Naproksen
Naratryptan,https://www.doz.pl//leki/w845-Naratryptan
Natalizumab,https://www.doz.pl//leki/w846-Natalizumab
Natamycyna,https://www.doz.pl//leki/w847-Natamycyna
Nateglinid,https://www.doz.pl//leki/w848-Nateglinid
Nebiwolol,https://www.doz.pl//leki/w849-Nebiwolol
Nefopam,https://www.doz.pl//leki/w851-Nefopam
Nelarabina,https://www.doz.pl//leki/w852-Nelarabina
Neomycyna,https://www.doz.pl//leki/w853-Neomycyna
Neostygmina,https://www.doz.pl//leki/w854-Neostygmina
Netupitant,https://www.doz.pl//leki/w1330-Netupitant
Neurotoksyna,https://www.doz.pl//leki/w856-Neurotoksyna_Clostridium_botulinum_typu_A_150_kD
Newirapina,https://www.doz.pl//leki/w857-Newirapina
Nicergolina,https://www.doz.pl//leki/w858-Nicergolina
Nifuratel,https://www.doz.pl//leki/w859-Nifuratel
Nifuroksazyd,https://www.doz.pl//leki/w1390-Nifuroksazyd
Nikotyna,https://www.doz.pl//leki/w861-Nikotyna
Nikotynylometyloamid,https://www.doz.pl//leki/w863-Nikotynylometyloamid
Nilotynib,https://www.doz.pl//leki/w864-Nilotynib
Nimesulid,https://www.doz.pl//leki/w865-Nimesulid
Nimodypina,https://www.doz.pl//leki/w866-Nimodypina
Nintedanib,https://www.doz.pl//leki/w867-Nintedanib
Nitrazepam,https://www.doz.pl//leki/w868-Nitrazepam
Nitrendypina,https://www.doz.pl//leki/w869-Nitrendypina
Nitrofural,https://www.doz.pl//leki/w870-Nitrofural
Nitrogliceryna,https://www.doz.pl//leki/w871-Nitrogliceryna
Nitroksolina,https://www.doz.pl//leki/w872-Nitroksolina
Nityzynon,https://www.doz.pl//leki/w873-Nityzynon
Niwolumab,https://www.doz.pl//leki/w1411-Niwolumab
Nomegestrol,https://www.doz.pl//leki/w875-Nomegestrol
Nonoksynol-9,https://www.doz.pl//leki/w877-Nonoksynol-9
Noradrenalina,https://www.doz.pl//leki/w878-Noradrenalina
Norelgestromin,https://www.doz.pl//leki/w879-Norelgestromin
Noretysteron,https://www.doz.pl//leki/w880-Noretysteron
Norfloksacyna,https://www.doz.pl//leki/w881-Norfloksacyna
Norgestimat,https://www.doz.pl//leki/w912-Norgestimat
Obinutuzumab,https://www.doz.pl//leki/w883-Obinutuzumab
Octan,https://www.doz.pl//leki/w884-Octan_cynku
Octan,https://www.doz.pl//leki/w885-Octan_wapnia
Ofatumumab,https://www.doz.pl//leki/w887-Ofatumumab
Ofloksacyna,https://www.doz.pl//leki/w888-Ofloksacyna
Okryplazmina,https://www.doz.pl//leki/w889-Okryplazmina
Oksaliplatyna,https://www.doz.pl//leki/w890-Oksaliplatyna
Oksazepam,https://www.doz.pl//leki/w891-Oksazepam
Okskarbazepina,https://www.doz.pl//leki/w892-Okskarbazepina
Oksybuprokaina,https://www.doz.pl//leki/w1364-Oksybuprokaina
Oksybutynina,https://www.doz.pl//leki/w893-Oksybutynina
Oksykodon,https://www.doz.pl//leki/w894-Oksykodon
Oksylometazolina,https://www.doz.pl//leki/w895-Oksylometazolina
Oksytetracyklina,https://www.doz.pl//leki/w896-Oksytetracyklina
Oksytocyna,https://www.doz.pl//leki/w897-Oksytocyna
Oktenidyna,https://www.doz.pl//leki/w898-Oktenidyna
Oktreotyd,https://www.doz.pl//leki/w899-Oktreotyd
Olaflur,https://www.doz.pl//leki/w900-Olaflur
Olanzapina,https://www.doz.pl//leki/w901-Olanzapina
Olaparyb,https://www.doz.pl//leki/w902-Olaparyb
Olmesartan,https://www.doz.pl//leki/w904-Olmesartan
Olodaterol,https://www.doz.pl//leki/w905-Olodaterol
Omalizumab,https://www.doz.pl//leki/w907-Omalizumab
Ombitaswir,https://www.doz.pl//leki/w908-Ombitaswir
Omeprazol,https://www.doz.pl//leki/w909-Omeprazol
Ondansetron,https://www.doz.pl//leki/w910-Ondansetron
Opipramol,https://www.doz.pl//leki/w911-Opipramol
Orlistat,https://www.doz.pl//leki/w913-Orlistat
Orotonian,https://www.doz.pl//leki/w1332-Orotonian_cynku
Orytawancyna,https://www.doz.pl//leki/w915-Orytawancyna
Oseltamiwir,https://www.doz.pl//leki/w916-Oseltamiwir
Ospemifen,https://www.doz.pl//leki/w917-Ospemifen
Ozymertynib,https://www.doz.pl//leki/w918-Ozymertynib
Paklitaksel,https://www.doz.pl//leki/w919-Paklitaksel
Palbocyklib,https://www.doz.pl//leki/w920-Palbocyklib
Paliperydon,https://www.doz.pl//leki/w921-Paliperydon
Palonosetron,https://www.doz.pl//leki/w923-Palonosetron
Panitumumab,https://www.doz.pl//leki/w924-Panitumumab
Pankreatyna,https://www.doz.pl//leki/w925-Pankreatyna
Pankuronium,https://www.doz.pl//leki/w926-Pankuronium
Panobinostat,https://www.doz.pl//leki/w927-Panobinostat
Pantenol,https://www.doz.pl//leki/w928-Pantenol
Pantoprazol,https://www.doz.pl//leki/w929-Pantoprazol
Papaweryna,https://www.doz.pl//leki/w931-Papaweryna
Paracetamol,https://www.doz.pl//leki/w932-Paracetamol
Parafina,https://www.doz.pl//leki/w1398-Parafina_ciekla
Parekoksyb,https://www.doz.pl//leki/w935-Parekoksyb
Parnaparyna,https://www.doz.pl//leki/w936-Parnaparyna
Paroksetyna,https://www.doz.pl//leki/w937-Paroksetyna
Parykalcytol,https://www.doz.pl//leki/w938-Parykalcytol
Pazopanib,https://www.doz.pl//leki/w939-Pazopanib
Pazyreotyd,https://www.doz.pl//leki/w940-Pazyreotyd
Pefloksacyna,https://www.doz.pl//leki/w942-Pefloksacyna
Pegaptanib,https://www.doz.pl//leki/w943-Pegaptanib
Pegaspargaza,https://www.doz.pl//leki/w944-Pegaspargaza
Peginterferon,https://www.doz.pl//leki/w945-Peginterferon_alfa-2A
Peginterferon,https://www.doz.pl//leki/w946-Peginterferon_alfa-2B
Peginterferon,https://www.doz.pl//leki/w947-Peginterferon_beta-1A
Pegwisomant,https://www.doz.pl//leki/w948-Pegwisomant
Pemetreksed,https://www.doz.pl//leki/w950-Pemetreksed
Penicylamina,https://www.doz.pl//leki/w951-Penicylamina
Pentazocyna,https://www.doz.pl//leki/w952-Pentazocyna
Pentoksyfilina,https://www.doz.pl//leki/w953-Pentoksyfilina
Pentozanu,https://www.doz.pl//leki/w1333-Pentozanu_wielosiarczan_sodowy_pentozanu_polisiarczan_sodowy
Pepsyna,https://www.doz.pl//leki/w954-Pepsyna
Peramiwir,https://www.doz.pl//leki/w1334-Peramiwir
Perampanel,https://www.doz.pl//leki/w955-Perampanel
Perazyna,https://www.doz.pl//leki/w956-Perazyna
Perflutren,https://www.doz.pl//leki/w957-Perflutren
Permetryna,https://www.doz.pl//leki/w1395-Permetryna
Peryndopryl,https://www.doz.pl//leki/w959-Peryndopryl
Petydyna,https://www.doz.pl//leki/w961-Petydyna
Pikosiarczan,https://www.doz.pl//leki/w962-Pikosiarczan_sodu
Piksantron,https://www.doz.pl//leki/w963-Piksantron
Pilokarpina,https://www.doz.pl//leki/w964-Pilokarpina
Pimekrolimus,https://www.doz.pl//leki/w965-Pimekrolimus
Pindolol,https://www.doz.pl//leki/w966-Pindolol
Pioglitazon,https://www.doz.pl//leki/w967-Pioglitazon
Pipekuronium,https://www.doz.pl//leki/w968-Pipekuronium
Piperachina,https://www.doz.pl//leki/w969-Piperachina
Piperacylina,https://www.doz.pl//leki/w970-Piperacylina
Piracetam,https://www.doz.pl//leki/w971-Piracetam
Pirfenidon,https://www.doz.pl//leki/w973-Pirfenidon
Piroksykam,https://www.doz.pl//leki/w975-Piroksykam
Pirybedyl,https://www.doz.pl//leki/w974-Pirybedyl
Pirydostygmina,https://www.doz.pl//leki/w977-Pirydostygmina
Pitawastatyna,https://www.doz.pl//leki/w978-Pitawastatyna
Pitolisant,https://www.doz.pl//leki/w980-Pitolisant
Piwmecylinam,https://www.doz.pl//leki/w981-Piwmecylinam
Podtlenku,https://www.doz.pl//leki/w984-Podtlenku_azotu
Polikrezulen,https://www.doz.pl//leki/w985-Polikrezulen
Pomalidomid,https://www.doz.pl//leki/w986-Pomalidomid
Ponatynib,https://www.doz.pl//leki/w987-Ponatynib
Pozakonazol,https://www.doz.pl//leki/w989-Pozakonazol
Pramipeksol,https://www.doz.pl//leki/w991-Pramipeksol
Prasugrel,https://www.doz.pl//leki/w995-Prasugrel
Prawastatyna,https://www.doz.pl//leki/w996-Prawastatyna
Prednizolon,https://www.doz.pl//leki/w997-Prednizolon
Prednizon,https://www.doz.pl//leki/w998-Prednizon
Pregabalina,https://www.doz.pl//leki/w999-Pregabalina
Pridinol,https://www.doz.pl//leki/w1000-Pridinol
Prilokaina,https://www.doz.pl//leki/w1015-Prilokaina_Prylokaina
Prochlorperazyna,https://www.doz.pl//leki/w1001-Prochlorperazyna
Progesteron,https://www.doz.pl//leki/w1002-Progesteron
Proksymetakaina,https://www.doz.pl//leki/w1003-Proksymetakaina
Promazyna,https://www.doz.pl//leki/w1004-Promazyna
Prometazyna,https://www.doz.pl//leki/w1413-Prometazyna
Propafenon,https://www.doz.pl//leki/w1006-Propafenon
Propofol,https://www.doz.pl//leki/w1007-Propofol
Propranolol,https://www.doz.pl//leki/w1008-Propranolol
Propyltiouracyl,https://www.doz.pl//leki/w1009-Propyltiouracyl
Prostaglandyna,https://www.doz.pl//leki/w1010-Prostaglandyna_F2
Protamina,https://www.doz.pl//leki/w1011-Protamina
Proteinianobursztynian,https://www.doz.pl//leki/w1012-Proteinianobursztynian_zelaza
Prukalopryd,https://www.doz.pl//leki/w1013-Prukalopryd
Prulifloksacyna,https://www.doz.pl//leki/w1014-Prulifloksacyna
Prymidon,https://www.doz.pl//leki/w1016-Prymidon
Pseudoefedryna,https://www.doz.pl//leki/w1017-Pseudoefedryna
Pyrantel,https://www.doz.pl//leki/w1018-Pyrantel
Pyrazynamid,https://www.doz.pl//leki/w1019-Pyrazynamid
Rabeprazol,https://www.doz.pl//leki/w1020-Rabeprazol
Racekadotryl,https://www.doz.pl//leki/w1021-Racekadotryl
Raloksyfen,https://www.doz.pl//leki/w1022-Raloksyfen
Raltegrawir,https://www.doz.pl//leki/w1023-Raltegrawir
Ramipryl,https://www.doz.pl//leki/w1024-Ramipryl
Ranelinian,https://www.doz.pl//leki/w1026-Ranelinian_strontu
Ranibizumab,https://www.doz.pl//leki/w1027-Ranibizumab
Ranitydyna,https://www.doz.pl//leki/w1028-Ranitydyna
Ranolazyna,https://www.doz.pl//leki/w1029-Ranolazyna
Rasagilina,https://www.doz.pl//leki/w1030-Rasagilina
Reboksetyna,https://www.doz.pl//leki/w1032-Reboksetyna
Regadenozon,https://www.doz.pl//leki/w1033-Regadenozon
Regorafenib,https://www.doz.pl//leki/w1034-Regorafenib
Remifentanyl,https://www.doz.pl//leki/w1035-Remifentanyl
Repaglinid,https://www.doz.pl//leki/w1036-Repaglinid
Retapamulina,https://www.doz.pl//leki/w1038-Retapamulina
Reteplaza,https://www.doz.pl//leki/w1039-Reteplaza
Retinol,https://www.doz.pl//leki/w1040-Retinol_witamina_A
Retygabina,https://www.doz.pl//leki/w1041-Retygabina
Rezerpina,https://www.doz.pl//leki/w1367-Rezerpina
Riluzol,https://www.doz.pl//leki/w1042-Riluzol
Riociguat,https://www.doz.pl//leki/w1043-Riociguat
Roflumilast,https://www.doz.pl//leki/w1044-Roflumilast
Roksytromycyna,https://www.doz.pl//leki/w1045-Roksytromycyna
Rokuronium,https://www.doz.pl//leki/w1046-Rokuronium
Rolapitant,https://www.doz.pl//leki/w1354-Rolapitant
Ropinirol,https://www.doz.pl//leki/w1048-Ropinirol
Ropiwakaina,https://www.doz.pl//leki/w1049-Ropiwakaina
Rosuwastatyna,https://www.doz.pl//leki/w1050-Rosuwastatyna
Rotygotyna,https://www.doz.pl//leki/w1051-Rotygotyna
Rufinamid,https://www.doz.pl//leki/w1052-Rufinamid
Ruksolitynib,https://www.doz.pl//leki/w1053-Ruksolitynib
Rupatadyna,https://www.doz.pl//leki/w1054-Rupatadyna
Ruskogenina,https://www.doz.pl//leki/w1055-Ruskogenina
Rutyna,https://www.doz.pl//leki/w1056-Rutyna_rutozyd
Rybawiryna,https://www.doz.pl//leki/w1057-Rybawiryna
Rybocyklib,https://www.doz.pl//leki/w1373-Rybocyklib
Ryfaksymina,https://www.doz.pl//leki/w1059-Ryfaksymina
Ryfampicyna,https://www.doz.pl//leki/w1060-Ryfampicyna
Rylmenidyna,https://www.doz.pl//leki/w1061-Rylmenidyna
Rylpiwiryna,https://www.doz.pl//leki/w1062-Rylpiwiryna
Rymantadyna,https://www.doz.pl//leki/w1063-Rymantadyna
Rysperydon,https://www.doz.pl//leki/w1064-Rysperydon
Rytonawir,https://www.doz.pl//leki/w1065-Rytonawir
Rytuksymab,https://www.doz.pl//leki/w1066-Rytuksymab
Rywanol,https://www.doz.pl//leki/w816-Rywanol_Mleczan_etakrydyny
Rywaroksaban,https://www.doz.pl//leki/w1067-Rywaroksaban
Rywastygmina,https://www.doz.pl//leki/w1068-Rywastygmina
Ryzatryptan,https://www.doz.pl//leki/w1069-Ryzatryptan
Ryzedronian,https://www.doz.pl//leki/w1070-Ryzedronian_sodu
Safinamid,https://www.doz.pl//leki/w1072-Safinamid
Saksagliptyna,https://www.doz.pl//leki/w1073-Saksagliptyna
Sakubitryl,https://www.doz.pl//leki/w1074-Sakubitryl
Sakwinawir,https://www.doz.pl//leki/w1075-Sakwinawir
Salbutamol,https://www.doz.pl//leki/w1076-Salbutamol
Salicylamid,https://www.doz.pl//leki/w1077-Salicylamid
Salicylan,https://www.doz.pl//leki/w1078-Salicylan_choliny
Salicylan,https://www.doz.pl//leki/w1080-Salicylan_metylu
Salmeterol,https://www.doz.pl//leki/w1081-Salmeterol
Sapropteryna,https://www.doz.pl//leki/w1082-Sapropteryna
Sekukinumab,https://www.doz.pl//leki/w1336-Sekukinumab
Selegilina,https://www.doz.pl//leki/w1085-Selegilina
Seleksypag,https://www.doz.pl//leki/w1086-Seleksypag
Sertindol,https://www.doz.pl//leki/w1088-Sertindol
Sertralina,https://www.doz.pl//leki/w1089-Sertralina
Sewelamer,https://www.doz.pl//leki/w1090-Sewelamer
Sewofluran,https://www.doz.pl//leki/w1091-Sewofluran
Siarczan,https://www.doz.pl//leki/w1093-Siarczan_cynku
Siarczan,https://www.doz.pl//leki/w1094-Siarczan_magnezu_Sol_gorzka
Siarczan,https://www.doz.pl//leki/w1337-Siarczan_potasu
Siarczan,https://www.doz.pl//leki/w1096-Siarczan_zelaza
Sibutramina,https://www.doz.pl//leki/w1338-Sibutramina
Sildenafil,https://www.doz.pl//leki/w1097-Sildenafil
Simwastatyna,https://www.doz.pl//leki/w1099-Simwastatyna
Sitagliptyna,https://www.doz.pl//leki/w1100-Sitagliptyna
Skopolamina,https://www.doz.pl//leki/w508-Skopolamina_Hioscyna
Sofosbuwir,https://www.doz.pl//leki/w1101-Sofosbuwir
Solifenacyna,https://www.doz.pl//leki/w1102-Solifenacyna
Somatostatyna,https://www.doz.pl//leki/w1103-Somatostatyna
Somatropina,https://www.doz.pl//leki/w1104-Somatropina
Sonidegib,https://www.doz.pl//leki/w1105-Sonidegib
Sorafenib,https://www.doz.pl//leki/w1106-Sorafenib
Sotalol,https://www.doz.pl//leki/w1107-Sotalol
Sól,https://www.doz.pl//leki/w1108-Sol_sodowa_sulfonowanej_zywicy_polistyrenowej
Sól,https://www.doz.pl//leki/w1109-Sol_wapniowa_sulfonowanej_zywicy_polistyrenowej
Spiramycyna,https://www.doz.pl//leki/w1110-Spiramycyna
Spironolakton,https://www.doz.pl//leki/w1111-Spironolakton
Stawudyna,https://www.doz.pl//leki/w1112-Stawudyna
Streptodornaza+Streptokinaza,https://www.doz.pl//leki/w1113-StreptodornazaStreptokinaza
Streptomycyna,https://www.doz.pl//leki/w1115-Streptomycyna
Styrypentol,https://www.doz.pl//leki/w1116-Styrypentol
Sufentanyl,https://www.doz.pl//leki/w1117-Sufentanyl
Sugammadeks,https://www.doz.pl//leki/w1118-Sugammadeks
Sukralfat,https://www.doz.pl//leki/w1119-Sukralfat
Suksametonium,https://www.doz.pl//leki/w1120-Suksametonium
Sulfacetamid,https://www.doz.pl//leki/w1122-Sulfacetamid
Sulfasalazyna,https://www.doz.pl//leki/w1124-Sulfasalazyna
Sulfatiazol,https://www.doz.pl//leki/w1125-Sulfatiazol
Sulfatiazol,https://www.doz.pl//leki/w1126-Sulfatiazol_srebra
Sulfogwajakol,https://www.doz.pl//leki/w1127-Sulfogwajakol
Sulodeksyd,https://www.doz.pl//leki/w1128-Sulodeksyd
Sulpiryd,https://www.doz.pl//leki/w1129-Sulpiryd
sultamicylina,https://www.doz.pl//leki/w1402-sultamicylina
Sumatryptan,https://www.doz.pl//leki/w1131-Sumatryptan
Sunitynib,https://www.doz.pl//leki/w1132-Sunitynib
Sylodosyna,https://www.doz.pl//leki/w1133-Sylodosyna
Syltuksymab,https://www.doz.pl//leki/w1134-Syltuksymab
Symeprewir,https://www.doz.pl//leki/w1135-Symeprewir
Symetykon,https://www.doz.pl//leki/w1136-Symetykon
Syrolimus,https://www.doz.pl//leki/w1137-Syrolimus
Tadalafil,https://www.doz.pl//leki/w1138-Tadalafil
Tafamidis,https://www.doz.pl//leki/w1139-Tafamidis
Takalcytol,https://www.doz.pl//leki/w1141-Takalcytol
Takrolimus,https://www.doz.pl//leki/w1142-Takrolimus
Talidomid,https://www.doz.pl//leki/w1143-Talidomid
Talimogen,https://www.doz.pl//leki/w1144-Talimogen_laherparepwek
Tamoksyfen,https://www.doz.pl//leki/w1145-Tamoksyfen
Tamsulozyna,https://www.doz.pl//leki/w1146-Tamsulozyna
Tanina,https://www.doz.pl//leki/w1147-Tanina
Tapentadol,https://www.doz.pl//leki/w1148-Tapentadol
Tasimelteon,https://www.doz.pl//leki/w1149-Tasimelteon
Tazaroten,https://www.doz.pl//leki/w1150-Tazaroten
Tazonermina,https://www.doz.pl//leki/w1151-Tazonermina
Tedizolid,https://www.doz.pl//leki/w1152-Tedizolid
Teduglutyd,https://www.doz.pl//leki/w1153-Teduglutyd
Tegafur,https://www.doz.pl//leki/w1154-Tegafur
Teikoplanina,https://www.doz.pl//leki/w1155-Teikoplanina
Telawancyna,https://www.doz.pl//leki/w1156-Telawancyna
Telbiwudyna,https://www.doz.pl//leki/w1157-Telbiwudyna
Telitromycyna,https://www.doz.pl//leki/w1158-Telitromycyna
Telmisartan,https://www.doz.pl//leki/w1159-Telmisartan
Temazepam,https://www.doz.pl//leki/w1160-Temazepam
Temoporfin,https://www.doz.pl//leki/w1161-Temoporfin
Temozolomid,https://www.doz.pl//leki/w1162-Temozolomid
Temsyrolimus,https://www.doz.pl//leki/w1163-Temsyrolimus
Tenofowir,https://www.doz.pl//leki/w1164-Tenofowir
Teofilina,https://www.doz.pl//leki/w1165-Teofilina
Terazosyna,https://www.doz.pl//leki/w1166-Terazosyna
Terbinafina,https://www.doz.pl//leki/w1167-Terbinafina
Terlipresyna,https://www.doz.pl//leki/w1168-Terlipresyna
Teryflunomid,https://www.doz.pl//leki/w1169-Teryflunomid
Teryparatyd,https://www.doz.pl//leki/w1170-Teryparatyd
Testosteron,https://www.doz.pl//leki/w1378-Testosteron
Tetraazotan,https://www.doz.pl//leki/w1171-Tetraazotan_pentaerytrytolu
Tetrabenazyna,https://www.doz.pl//leki/w1172-Tetrabenazyna
Tetracyklina,https://www.doz.pl//leki/w1174-Tetracyklina
Tetrahydrokannabinol,https://www.doz.pl//leki/w1175-Tetrahydrokannabinol
Tetrazepam,https://www.doz.pl//leki/w1339-Tetrazepam
Tetryzolina,https://www.doz.pl//leki/w1176-Tetryzolina
Tiagabina,https://www.doz.pl//leki/w1177-Tiagabina
Tiamazol,https://www.doz.pl//leki/w1178-Tiamazol
Tianeptyna,https://www.doz.pl//leki/w1180-Tianeptyna
Tiapryd,https://www.doz.pl//leki/w1181-Tiapryd
Tibolon,https://www.doz.pl//leki/w1182-Tibolon
Tietyloperazyna,https://www.doz.pl//leki/w1183-Tietyloperazyna
Tikagrelor,https://www.doz.pl//leki/w1184-Tikagrelor
Tiklopidyna,https://www.doz.pl//leki/w1185-Tiklopidyna
Tioguanina,https://www.doz.pl//leki/w1187-Tioguanina
Tiokolchikozyd,https://www.doz.pl//leki/w1379-Tiokolchikozyd
Tiotepa,https://www.doz.pl//leki/w1188-Tiotepa
Tiotropium,https://www.doz.pl//leki/w1189-Tiotropium_Bromek_tiotropiowy
Tlen,https://www.doz.pl//leki/w1190-Tlen
Tlenek,https://www.doz.pl//leki/w1191-Tlenek_azotu
Tlenek,https://www.doz.pl//leki/w1192-Tlenek_bizmutu
Tlenek,https://www.doz.pl//leki/w1340-Tlenek_magnezu
Tobramycyna,https://www.doz.pl//leki/w1194-Tobramycyna
Toclizumab,https://www.doz.pl//leki/w1195-Toclizumab
Tofacytynib,https://www.doz.pl//leki/w1374-Tofacytynib
Tokofersolan,https://www.doz.pl//leki/w1197-Tokofersolan
Toksyna,https://www.doz.pl//leki/w1198-Toksyna_botulinowa_typu_A
Toksyna,https://www.doz.pl//leki/w1199-Toksyna_botulinowa_typu_B
Tolkapon,https://www.doz.pl//leki/w1200-Tolkapon
Tolperyzon,https://www.doz.pl//leki/w1201-Tolperyzon
Tolterodyna,https://www.doz.pl//leki/w1202-Tolterodyna
Tolwaptan,https://www.doz.pl//leki/w1203-Tolwaptan
Tonekteplaza,https://www.doz.pl//leki/w1204-Tonekteplaza
Topiramat,https://www.doz.pl//leki/w1205-Topiramat
Topotekan,https://www.doz.pl//leki/w1206-Topotekan
Torasemid,https://www.doz.pl//leki/w1207-Torasemid
Toremifen,https://www.doz.pl//leki/w1208-Toremifen
Trabektedyna,https://www.doz.pl//leki/w1209-Trabektedyna
Tramadol,https://www.doz.pl//leki/w1210-Tramadol
Trametynib,https://www.doz.pl//leki/w1211-Trametynib
Trandolapryl,https://www.doz.pl//leki/w1212-Trandolapryl
Trastuzumab,https://www.doz.pl//leki/w1213-Trastuzumab
Trazodon,https://www.doz.pl//leki/w1215-Trazodon
Treprostinil,https://www.doz.pl//leki/w1216-Treprostinil
Tretinoina,https://www.doz.pl//leki/w1217-Tretinoina
Triamcynolon,https://www.doz.pl//leki/w1218-Triamcynolon
Trientyna,https://www.doz.pl//leki/w1341-Trientyna
Trifaroten,https://www.doz.pl//leki/w1397-Trifaroten
Trimebutyna,https://www.doz.pl//leki/w1220-Trimebutyna
Trimetazydyna,https://www.doz.pl//leki/w1221-Trimetazydyna
Trimetoprim,https://www.doz.pl//leki/w1222-Trimetoprim
Triprolidyna,https://www.doz.pl//leki/w1223-Triprolidyna
Triptorelina,https://www.doz.pl//leki/w1224-Triptorelina
Tropikamid,https://www.doz.pl//leki/w1228-Tropikamid
Trospiowy,https://www.doz.pl//leki/w1229-Trospiowy_chlorek
Tygecyklina,https://www.doz.pl//leki/w1230-Tygecyklina
Tymolol,https://www.doz.pl//leki/w1231-Tymolol
Tynidazol,https://www.doz.pl//leki/w1233-Tynidazol
Typranawir,https://www.doz.pl//leki/w1234-Typranawir
Tyzanidyna,https://www.doz.pl//leki/w1236-Tyzanidyna
Ubidekarenon,https://www.doz.pl//leki/w1237-Ubidekarenon
Uliprystal,https://www.doz.pl//leki/w1238-Uliprystal
Umeklidynium,https://www.doz.pl//leki/w1239-Umeklidynium
Urapidyl,https://www.doz.pl//leki/w1241-Urapidyl
Urofolitropina,https://www.doz.pl//leki/w1242-Urofolitropina
Urokinaza,https://www.doz.pl//leki/w1243-Urokinaza
Urotropina,https://www.doz.pl//leki/w785-Urotropina_Metenamina
Ustekinumab,https://www.doz.pl//leki/w1244-Ustekinumab
Walacyklowir,https://www.doz.pl//leki/w1245-Walacyklowir
Walgancyklowir,https://www.doz.pl//leki/w1246-Walgancyklowir
Walsartan,https://www.doz.pl//leki/w1247-Walsartan
Wandetanib,https://www.doz.pl//leki/w1248-Wandetanib
Wankomycyna,https://www.doz.pl//leki/w1249-Wankomycyna
Wardenafil,https://www.doz.pl//leki/w1251-Wardenafil
Wareniklina,https://www.doz.pl//leki/w1252-Wareniklina
Warfaryna,https://www.doz.pl//leki/w1253-Warfaryna
Wedolizumab,https://www.doz.pl//leki/w1254-Wedolizumab
Wekuronium,https://www.doz.pl//leki/w1255-Wekuronium
Welpataswir,https://www.doz.pl//leki/w1343-Welpataswir
Wemurafenib,https://www.doz.pl//leki/w1257-Wemurafenib
Wenetoklaks,https://www.doz.pl//leki/w1258-Wenetoklaks
Wenlafaksyna,https://www.doz.pl//leki/w1259-Wenlafaksyna
Werapamil,https://www.doz.pl//leki/w1260-Werapamil
Wernakalant,https://www.doz.pl//leki/w1261-Wernakalant
Werteporfina,https://www.doz.pl//leki/w1262-Werteporfina
Węgiel,https://www.doz.pl//leki/w1263-Wegiel_aktywny_Wegiel_leczniczy
Węglan,https://www.doz.pl//leki/w1264-Weglan_dihydroksyglinowo-sodowy
Węglan,https://www.doz.pl//leki/w1265-Weglan_litu
Węglan,https://www.doz.pl//leki/w1344-Weglan_magnezu
Węglan,https://www.doz.pl//leki/w1345-Weglan_wapnia
Wigabatryna,https://www.doz.pl//leki/w1380-Wigabatryna
Wilanterol,https://www.doz.pl//leki/w1388-Wilanterol
Wildagliptyna,https://www.doz.pl//leki/w1266-Wildagliptyna
Winblastyna,https://www.doz.pl//leki/w1267-Winblastyna
Winflunina,https://www.doz.pl//leki/w1268-Winflunina
Winkrystyna,https://www.doz.pl//leki/w1269-Winkrystyna
Winorelbina,https://www.doz.pl//leki/w1270-Winorelbina
Winpocetyna,https://www.doz.pl//leki/w1271-Winpocetyna
Wismodegib,https://www.doz.pl//leki/w1272-Wismodegib
Witamina,https://www.doz.pl//leki/w1179-Witamina_B1_Tiamina
Witamina,https://www.doz.pl//leki/w223-Witamina_B12_Cyjanokobalamina
Witamina,https://www.doz.pl//leki/w1058-Witamina_B2_Ryboflawina
Witamina,https://www.doz.pl//leki/w862-Witamina_B3_Nikotynamid_amid_kwasu_nikotynowego_niacyna_witamina_PP
Witamina,https://www.doz.pl//leki/w1384-Witamina_B6_Pirydoksyna
Witamina,https://www.doz.pl//leki/w1386-Witamina_C_Kwas_askorbinowy
Witamina,https://www.doz.pl//leki/w213-Witamina_D_Cholekalcyferol
Witamina,https://www.doz.pl//leki/w1196-Witamina_E_Tokoferol_tokoferyl
Witamina,https://www.doz.pl//leki/w419-Witamina_K1_Fitomenadion
Wodoroasparaginian,https://www.doz.pl//leki/w510-Wodoroasparaginian_cynku
Wodoroasparaginian,https://www.doz.pl//leki/w1347-Wodoroasparaginian_magnezu
Wodoroasparaginian,https://www.doz.pl//leki/w1348-Wodoroasparaginian_potasu
Wodorotlenek,https://www.doz.pl//leki/w1274-Wodorotlenek_glinu
Wodorotlenek,https://www.doz.pl//leki/w1349-Wodorotlenek_magnezu
Wodorowęglan,https://www.doz.pl//leki/w1350-Wodoroweglan_potasu
Wodorowęglan,https://www.doz.pl//leki/w1275-Wodoroweglan_sodu
Worapaksar,https://www.doz.pl//leki/w1276-Worapaksar
Wortioksetyna,https://www.doz.pl//leki/w1277-Wortioksetyna
Worykonazol,https://www.doz.pl//leki/w1278-Worykonazol
Zaleplon,https://www.doz.pl//leki/w1279-Zaleplon
Zanamiwir,https://www.doz.pl//leki/w1280-Zanamiwir
Zespół,https://www.doz.pl//leki/w1366-Zespol_protrombiny_ludzkiej
Zofenopryl,https://www.doz.pl//leki/w1283-Zofenopryl
Zolmitriptan,https://www.doz.pl//leki/w1284-Zolmitriptan
Zolpidem,https://www.doz.pl//leki/w1285-Zolpidem
Zonisamid,https://www.doz.pl//leki/w1286-Zonisamid
Zopiklon,https://www.doz.pl//leki/w1287-Zopiklon
Zuklopentyksol,https://www.doz.pl//leki/w1288-Zuklopentyksol
Zydowudyna,https://www.doz.pl//leki/w1289-Zydowudyna_Azydotymidyna_AZT
Zykonotyd,https://www.doz.pl//leki/w1282-Zykonotyd
Zyprazydon,https://www.doz.pl//leki/w1290-Zyprazydon
Zolmitriptan,https://www.doz.pl//leki/w1284-Zolmitriptan
Zolpidem,https://www.doz.pl//leki/w1285-Zolpidem
Zonisamid,https://www.doz.pl//leki/w1286-Zonisamid
Zopiklon,https://www.doz.pl//leki/w1287-Zopiklon
Zuklopentyksol,https://www.doz.pl//leki/w1288-Zuklopentyksol
Zydowudyna,https://www.doz.pl//leki/w1289-Zydowudyna_Azydotymidyna_AZT
Zykonotyd,https://www.doz.pl//leki/w1282-Zykonotyd
Zyprazydon,https://www.doz.pl//leki/w1290-Zyprazydon
Zolmitriptan,https://www.doz.pl//leki/w1284-Zolmitriptan
Zolpidem,https://www.doz.pl//leki/w1285-Zolpidem
Zonisamid,https://www.doz.pl//leki/w1286-Zonisamid
Zopiklon,https://www.doz.pl//leki/w1287-Zopiklon
Zuklopentyksol,https://www.doz.pl//leki/w1288-Zuklopentyksol
Zydowudyna,https://www.doz.pl//leki/w1289-Zydowudyna_Azydotymidyna_AZT
Zykonotyd,https://www.doz.pl//leki/w1282-Zykonotyd
Zyprazydon,https://www.doz.pl//leki/w1290-Zyprazydon
Zolmitriptan,https://www.doz.pl//leki/w1284-Zolmitriptan
Zolpidem,https://www.doz.pl//leki/w1285-Zolpidem
Zonisamid,https://www.doz.pl//leki/w1286-Zonisamid
Zopiklon,https://www.doz.pl//leki/w1287-Zopiklon
Zuklopentyksol,https://www.doz.pl//leki/w1288-Zuklopentyksol
Zydowudyna,https://www.doz.pl//leki/w1289-Zydowudyna_Azydotymidyna_AZT
Zykonotyd,https://www.doz.pl//leki/w1282-Zykonotyd
Zyprazydon,https://www.doz.pl//leki/w1290-Zyprazydon
